homelat,homelon,type,n
28.1839,73.2407,Solar,2.5
24.7663,74.609,Coal,98
21.9038,69.3732,Wind,39.2
23.8712,91.3602,Gas,135
21.9603,82.4091,Coal,1800
23.7689,68.6447,Coal,250
10.4547,77.0078,Hydro,60
32.2258,77.207,Hydro,192
16.33,75.8863,Hydro,290
23.1642,81.6373,Coal,210
21.0782,77.9009,Coal,1350
31.2717,76.4938,Hydro,134
24.2007,82.8,Coal,1200
31.2412,77.8769,Hydro,16.95
24.201,82.7891,Coal,2630
25.1797,76.3188,Gas,419.33
23.0666,81.7841,Coal,600
23.0655,81.7865,Coal,1200
18.0845,76.1851,Biomass,10
19.5867,74.7061,Biomass,17
16.7708,74.9191,Biomass,24
26.6282,79.5286,Gas,652
21.7438,83.2741,Coal,600
19.7881,79.1518,Coal,46
28.3615,74.2402,Solar,1
14.5751,76.3926,Wind,16.5
14.9455,77.687,Solar,50
18.858,73.6396,Wind,113.6
10.7245,77.1893,Wind,19.8
14.4791,76.3482,Wind,13.2
27.3473,71.6917,Solar,5
27.36,71.6918,Solar,5
27.3632,71.6918,Solar,5
27.3661,71.6916,Solar,5
27.3537,71.6917,Solar,5
27.3504,71.6918,Solar,5
27.3566,71.6917,Solar,5
13.0977,80.2695,Oil,200
28.506,77.3066,Coal,705
16.2804,75.225,Biomass,28
33.1815,75.3155,Hydro,450
32.8063,76.1418,Hydro,180
23.8285,87.4513,Coal,1050
18.1396,82.1221,Hydro,510
19.8601,79.3421,Coal,67.5
24.6929,74.689,Coal,10
22.3421,82.4305,Coal,300
22.9956,88.4042,Coal,455
32.1686,76.4695,Hydro,12
24.1917,81.2875,Hydro,315
24.1917,81.2875,Hydro,30
24.1917,81.2875,Hydro,60
24.223,81.2747,Hydro,20
23.6026,74.2562,Coal,20
21.9114,83.1889,Coal,1200
23.807,91.565,Gas,42
25.3999,86.0218,Coal,720
22.9417,79.925,Hydro,90
25.4865,85.7452,Coal,1320
28.4723,79.8066,Coal,90
27.8453,73.2,Coal,250
13.1021,80.2682,Gas,120
31.4306,78.241,Hydro,300
31.9546,76.7986,Hydro,64
17.3816,74.5345,Wind,20
20.805,79.0547,Coal,270
16.6505,74.8209,Biomass,22.8
16.2774,74.7111,Biomass,15
15.1831,76.7909,Coal,10
15.1777,77.1036,Coal,18
15.1932,76.7195,Coal,1700
13.7008,75.6373,Hydro,39.2
13.8274,75.7131,Coal,41
31.4107,76.4328,Hydro,1325
21.232,79.6311,Coal,15
21.0813,79.7708,Biomass,10
19.5555,73.8087,Hydro,34
18.1012,73.7252,Hydro,16
19.5132,73.4173,Hydro,15
21.5837,72.2222,Coal,500
11.331,77.758,Hydro,30
11.2428,77.8659,Hydro,30
11.3842,77.7145,Hydro,30
18.2416,74.7529,Coal,30
21.184,81.4237,Coal,500
18.455,73.3907,Hydro,300
18.4426,73.3498,Hydro,80
18.9368,73.4527,Hydro,75
21.0483,75.8425,Coal,1210
25.2267,74.6216,Biomass,10
24.2508,78.1606,Coal,99
23.3172,78.1336,Coal,500
24.8263,73.0901,Coal,69.6
22.0103,83.2058,Coal,600
32.1121,76.6537,Hydro,6
23.3256,81.0333,Hydro,20
23.6783,86.0888,Coal,500
23.785,85.88,Coal,210
26.5145,90.5287,Coal,500
21.2083,74.1543,Wind,40
9.9975,76.3744,Oil,60
10.074,76.3188,Gas,165
22.4673,88.14,Coal,750
32.4584,76.532,Hydro,70
20.9225,78.9535,Oil,81.5
20.9286,78.9333,Coal,600
18.0791,76.1807,Solar,1
28.3683,73.5286,Solar,1
10.7389,77.416,Wind,11.2
27.3827,72.3188,Solar,15
27.3893,72.3134,Solar,10
27.3525,72.3554,Solar,5
27.3851,72.3042,Solar,5
21.5967,69.843,Solar,20
21.6024,69.8441,Solar,15
27.4387,72.3245,Solar,36.3
27.4523,72.3388,Solar,10
26.7272,70.8304,Wind,1
16.4961,74.5417,Wind,1.7
15.4038,75.5625,Wind,24.8
15.9349,74.7007,Wind,50.4
23.0544,68.8782,Wind,150
23.6688,71.5782,Solar,5
23.6756,75.0565,Wind,98.7
23.5594,73.286,Solar,3
23.2579,69.0255,Solar,40
29.8504,75.49,Solar,4.2
26.5249,71.5212,Solar,1
22.3932,82.5532,Coal,60
32.4734,76.2552,Hydro,300
32.5966,75.9857,Hydro,540
32.4733,76.44,Hydro,231
19.9213,79.1133,Coal,40
24.9293,74.6367,Coal,35
24.9637,74.6656,Coal,234
19.93,79.1346,Coal,120
19.7218,79.1757,Coal,10
23.7376,86.1273,Coal,630
20.0063,79.29,Coal,2920
32.7369,76.2477,Hydro,36
11.4645,76.0376,Hydro,3.75
32.9578,75.1705,Hydro,32.8
24.6217,77.0357,Coal,1660
30.5559,77.7915,Hydro,240
29.976,78.2203,Hydro,144
34.4903,76.1137,Hydro,44
27.2093,88.6659,Hydro,110
16.5471,77.0825,Biomass,24
20.0209,79.2712,Solar,5
23.907,71.1881,Solar,221
23.2443,70.4603,Wind,21
20.6729,83.1107,Solar,5
23.5211,87.3023,Coal,660
28.603,77.6078,Coal,1820
28.5932,77.6101,Gas,816.4
24.8747,75.6189,Nuclear,100
26.7803,72.0091,Coal,100
14.3444,80.1264,Coal,1600
15.1707,76.377,Coal,25
18.4271,74.6338,Biomass,30
14.3277,75.8808,Biomass,24
31.4133,76.8686,Hydro,990
21.1238,84.9843,Coal,1200
21.6923,72.6215,Gas,1200
30.4561,77.7368,Hydro,33.75
30.4354,77.6821,Hydro,51
19.9545,72.7478,Coal,500
20.0102,79.2033,Coal,600
29.8783,80.5727,Hydro,280
26.7024,77.8492,Gas,330
22.2396,72.752,Gas,595.2
19.1896,73.004,Oil,22
27.4028,88.5247,Hydro,96
24.8271,92.9737,Gas,15.5
19.4496,75.0382,Biomass,12.96
18.69,73.039,Oil,67.6
17.8994,81.8296,Hydro,25
26.2325,94.2612,Hydro,75
16.3537,74.0095,Hydro,24
14.6284,75.8448,Biomass,22
33.3691,75.7985,Hydro,390
21.1878,81.2099,Coal,12.8
23.531,87.25,Coal,210
23.58,87.2043,Coal,1000
28.5787,77.6314,Solar,5
15.2529,74.6283,Gas,20
27.9253,72.8899,Solar,2
23.964,74.6215,Wind,37.5
23.8267,75.8988,Solar,28.2
24.5216,72.1999,Solar,25
21.7766,70.0773,Solar,5
26.7846,72.0083,Solar,125
27.7355,71.6917,Solar,100
26.2776,72.651,Solar,1
19.7197,76.733,Hydro,22.5
16.8265,73.9269,Wind,9
21.111,72.655,Gas,515
22.1421,69.8442,Wind,11.2
13.7276,76.5137,Wind,68.8
19.6274,73.7839,Wind,20
24.772,87.894,Coal,2100
28.3452,77.3615,Gas,431.586
9.1269,77.6458,Wind,4.25
22.3758,73.1017,Gas,310
23.0272,69.9494,Wind,39
25.1521,76.182,Gas,35
32.2417,76.2787,Hydro,10.5
29.1411,78.9632,Gas,225
21.8242,73.1136,Gas,648
34.2236,74.7781,Hydro,15
25.2502,72.6765,Coal,630
24.6997,75.5529,Hydro,115
31.268,76.492,Hydro,77.65
17.0386,82.1286,Gas,468.57
19.9324,79.104,Coal,120
17.1309,73.9765,Wind,23.1
31.5425,77.7786,Hydro,22.5
16.1424,74.6447,Hydro,32
19.5334,73.6509,Hydro,250
30.2666,75.1661,Coal,920
19.9306,79.12,Coal,30
30.5307,77.4968,Hydro,60
14.6534,75.8613,Wind,23.1
20.2723,78.9793,Coal,600
30.2335,74.9247,Coal,440
17.0587,82.3097,Gas,205.24
31.3841,75.1464,Coal,540
20.0058,79.1845,Coal,25
16.9248,81.8111,Gas,768
17.1084,77.1325,Coal,55
23.4263,91.8223,Hydro,15
15.3418,75.5868,Wind,25.6
27.4269,72.3896,Solar,3
27.4296,72.3969,Solar,5
23.1534,72.669,Solar,1
11.6117,92.7109,Solar,5
27.6003,72.2241,Solar,50
26.6532,72.5377,Solar,1
18.3055,76.6551,Solar,5
21.3131,69.9187,Wind,7.5
30.4613,74.6188,Solar,1.8
25.86,74.6567,Solar,5
28.4272,77.1596,Solar,3
22.1042,88.1764,Coal,600
15.2615,76.3379,Hydro,36
16.6038,74.4045,Biomass,24
22.604,82.5977,Hydro,120
17.1202,76.4004,Biomass,25.5
22.3256,69.7399,Gas,156.1
21.1652,72.6613,Gas,351.43
19.2829,77.1384,Biomass,18.9
21.5337,83.8754,Hydro,331.5
13.9808,76.6279,Biomass,25
15.3654,75.5639,Wind,34.4
21.3027,74.3091,Wind,25.5
10.8674,77.4588,Wind,21
27.2492,70.6722,Wind,27.3
22.0335,70.2313,Wind,88.8
28.0179,78.1326,Coal,605
15.1997,75.762,Wind,49
17.9054,76.3224,Solar,20
21.6872,83.86,Coal,420
28.6194,77.2504,Gas,270
10.207,76.7137,Hydro,75
9.8503,77.0555,Hydro,780
20.8102,79.0556,Coal,270
22.8396,76.1906,Wind,24
21.658,83.92,Coal,350
22.0774,88.0995,Coal,300
22.2791,76.4728,Hydro,1000
28.4849,76.3754,Coal,1500
11.5214,79.7515,Coal,1200
16.6208,76.0223,Wind,100.8
22.4809,72.5235,Solar,1
16.4018,74.6641,Solar,3
25.0369,75.6778,Hydro,99
27.601,72.2242,Biomass,50
27.0297,88.8747,Hydro,36
25.8888,71.3236,Coal,1080
24.6963,73.0017,Coal,66
24.5286,81.1698,Coal,63.5
24.565,81.1748,Coal,54.5
24.3272,81.3293,Coal,155
16.9312,81.86,Gas,445.674
14.2273,74.7994,Hydro,139.2
22.7554,86.2491,Coal,427.5
27.1598,88.2924,Hydro,96
17.297,73.212,Coal,1200
20.8772,71.2801,Solar,15
23.7162,87.0695,Solar,2
23.2409,70.509,Wind,91.8
23.208,70.5465,Wind,10.5
26.5255,72.7629,Wind,29.6
22.7532,70.3961,Wind,33
21.2261,74.2393,Wind,10.25
10.4104,77.0435,Hydro,400
23.3045,73.8254,Hydro,240
14.8901,74.3916,Hydro,150
25.2349,87.2635,Coal,2340
14.865,74.4385,Nuclear,880
18.3835,79.8265,Coal,1100
9.3275,76.9717,Hydro,50
21.2384,73.3489,Nuclear,440
15.2761,74.5268,Hydro,855
15.2761,74.5268,Hydro,100
24.5295,76.0986,Coal,1200
8.9553,77.0697,Hydro,15
17.3821,77.4389,Coal,30
24.6266,80.831,Coal,12
20.87,85.2671,Coal,1050
17.7384,73.917,Hydro,4
17.1657,74.2459,Biomass,16
10.9325,79.8216,Gas,32.5
25.9552,92.5171,Hydro,100
31.5156,78.1073,Hydro,1000
34.5605,76.1299,Hydro,3.75
11.1208,79.5287,Gas,119.8
22.389,82.5549,Coal,270
12.4837,74.9929,Oil,21.84
22.1335,75.4568,Coal,10
27.341,95.408,Gas,291
24.7773,76.737,Coal,1320
21.175,72.6879,Gas,645
9.2404,76.4283,Gas,350
14.7753,75.3131,Biomass,18
18.3803,73.6116,Hydro,16
28.017,80.8307,Coal,90
25.5177,92.6679,Hydro,50
30.3508,77.6017,Hydro,72
28.9232,80.0243,Hydro,41.4
30.5085,77.8001,Hydro,120
18.7817,73.3558,Hydro,72
18.7712,73.259,Coal,60
34.649,74.7514,Hydro,330
12.4806,77.0411,Biomass,26
14.955,74.5904,Hydro,120
8.5319,77.3125,Hydro,100
24.3858,85.5517,Coal,1000
11.2054,75.8067,Oil,96
22.4157,87.8713,Coal,1260
31.382,76.8761,Hydro,800
16.0327,74.4583,Biomass,20
16.589,74.2993,Biomass,20
16.689,74.1201,Biomass,17.5
12.1056,76.7606,Biomass,16
16.7346,81.8622,Gas,445
16.64,80.5504,Gas,1458
25.5177,92.6679,Hydro,225
12.702,76.9787,Biomass,26
15.316,76.2507,Coal,12
21.2414,79.096,Coal,2400
22.3881,82.6858,Coal,2600
22.3828,82.7188,Coal,890
22.4118,82.6888,Coal,1340
26.497,86.9549,Hydro,20
25.1712,75.8171,Coal,1240
25.1386,75.8883,Coal,125
30.2594,78.4971,Hydro,400
31.268,76.492,Hydro,77.65
10.5415,79.4507,Gas,107.88
17.4599,73.684,Hydro,1956
10.9328,77.0912,Wind,12
16.4994,75.8349,Coal,2400
30.4289,77.6296,Hydro,30
11.2861,76.6511,Hydro,555
8.1691,77.1327,Nuclear,2000
16.2651,75.5302,Biomass,16.5
27.0786,82.0841,Coal,90
23.6626,68.7843,Coal,290
9.9356,77.1068,Hydro,21
11.076,79.57,Gas,101
11.5484,75.8988,Hydro,125
11.5484,75.8988,Hydro,100
24.0529,80.6144,Coal,50
25.7848,91.7895,Hydro,60
17.6219,80.6936,Coal,720
17.6219,80.6936,Coal,1000
21.2818,79.116,Coal,1340
27.0931,70.9996,Wind,75.6
9.3381,78.3917,Solar,648
23.35,70.388,Solar,15
8.3091,77.6191,Wind,6
27.224,74.2524,Solar,5
27.2089,74.2553,Solar,40
21.317,78.6025,Solar,2
21.3174,78.6001,Solar,2
23.443,73.2014,Solar,10
18.6051,75.0381,Solar,5.2
27.3225,71.9951,Solar,20
27.3247,71.991,Solar,10
24.0682,76.589,Solar,25
23.3578,70.0548,Solar,5
23.3618,70.0536,Solar,15
27.301,72.3236,Solar,1
21.167,74.3272,Wind,20.8
26.6797,71.026,Wind,24
11.0118,79.5898,Solar,1
23.3183,68.6988,Wind,33
10.6558,77.2471,Wind,56.25
11.0951,76.6709,Wind,3
8.1689,77.7126,Nuclear,2000
25.6732,76.1901,Coal,25
27.0221,94.8833,Gas,142.2
24.7971,78.6463,Coal,1980
21.757,83.4573,Coal,800
31.7196,77.212,Hydro,126
14.1704,74.8388,Hydro,55
8.9969,77.537,Wind,10
26.5114,71.4974,Wind,20
18.9002,73.2032,Oil,40
17.4462,75.7161,Biomass,31.5
24.587,93.6696,Hydro,105
34.2189,74.5281,Hydro,105
16.3125,77.7773,Hydro,240
11.6425,77.7583,Hydro,120
9.9624,76.957,Hydro,180
17.8608,81.6814,Hydro,460
9.087,77.6055,Wind,9.7
30.4368,74.3316,Solar,2.1
29.8509,75.4023,Solar,20
31.2496,75.4826,Solar,1
22.1694,69.827,Wind,50.4
27.0321,71.5322,Solar,1
17.8613,74.0733,Wind,2.4
12.5571,80.1754,Nuclear,440
18.5323,82.4645,Hydro,114.75
12.2135,77.0225,Hydro,4.5
25.5623,77.8348,Hydro,60
22.8395,86.0613,Coal,540
24.0077,82.4172,Coal,600
28.49,76.351,Coal,1320
20.8558,78.5814,Biomass,15
23.5443,74.5062,Hydro,140
19.0162,72.8963,Oil,22
24.2021,80.7997,Coal,31.4
23.7872,86.8284,Hydro,63.2
23.8209,86.76,Coal,1050
32.0041,77.2494,Hydro,186
15.3773,76.4591,Hydro,9
30.7294,78.4238,Hydro,394
12.9821,74.8496,Gas,166.5
18.3879,73.3529,Gas,388
24.7176,75.9522,Coal,25
13.6763,75.0462,Hydro,9
19.2345,73.8144,Hydro,6
19.7235,79.1761,Coal,50
9.3294,76.8798,Hydro,12
19.703,79.2206,Coal,45
22.0708,82.6022,Coal,1000
25.1001,78.3717,Hydro,30.6
25.1447,81.9415,Coal,660
23.4639,87.1311,Coal,1340
23.4639,87.1311,Coal,1000
8.9159,78.1374,Coal,1200
11.7696,77.8138,Coal,840
11.8014,77.8085,Hydro,250
11.7696,77.8138,Coal,600
21.0377,78.9334,Coal,246
23.438,91.274,Gas,136.5
23.5496,74.4072,Coal,46
21.1797,79.3978,Coal,2320
11.6137,76.6919,Hydro,36
26.8051,70.7381,Wind,20
15.1579,75.7965,Wind,78.9
16.2017,75.3005,Coal,50
31.9553,75.836,Hydro,207
20.0805,79.7148,Coal,15
19.016,72.8948,Gas,31.2
18.5309,72.9465,Oil,25.2
18.9988,72.8997,Gas,75
22.823,69.5532,Coal,4620
22.8158,69.5281,Coal,4000
15.2666,76.3288,Hydro,28.3
15.8555,75.1002,Biomass,11.2
19.261,73.3638,Coal,15
26.1953,85.3017,Coal,610
25.2354,92.2279,Hydro,126
17.5727,73.9032,Wind,14.65
17.4999,75.781,Solar,6.6
29.7303,75.3099,Solar,2.1
29.7311,75.308,Solar,1
22.4077,68.9925,Solar,17
27.1657,70.7455,Wind,31.5
27.1611,70.681,Wind,52.5
18.4921,73.5081,Solar,3
29.7303,75.3099,Solar,21
28.156,78.4089,Nuclear,440
24.7754,84.1588,Coal,500
16.5678,79.3442,Hydro,815.6
16.626,79.4909,Hydro,50
23.4469,75.408,Coal,45.5
18.8829,73.1862,Oil,78.9
21.0582,79.485,Biomass,10
20.8062,79.0548,Biomass,18.9
20.9276,79.2455,Coal,65
27.1858,95.376,Gas,161.75
22.9649,78.8132,Biomass,10
16.2365,76.3369,Hydro,11.6
9.9533,76.9792,Hydro,70
19.9817,73.8896,Coal,630
19.8658,74.0835,Coal,270
19.9817,73.8896,Coal,1350
31.564,77.98,Hydro,1500
21.92,83.2788,Coal,600
21.4504,76.4014,Coal,12.27
26.0132,91.8239,Hydro,40
11.5887,79.4611,Coal,420
11.5893,79.4704,Coal,600
11.5576,79.4417,Coal,1470
11.5534,79.4408,Coal,500
11.5401,79.4159,Coal,250
24.15,81.9045,Coal,1320
24.6428,74.6843,Coal,33.2
34.2154,77.1842,Hydro,45
25.2042,74.6092,Coal,10.5
18.2172,77.9576,Hydro,10
14.098,76.3154,Wind,10.5
13.245,80.3257,Coal,630
13.245,80.3257,Coal,1200
27.5882,91.981,Hydro,6
16.5697,79.3389,Hydro,60
16.5697,79.3389,Hydro,90
22.8985,76.0718,Wind,6.25
8.1784,77.6873,Wind,37.6
25.3723,81.8717,Solar,5.8
14.1651,77.5713,Wind,50.4
15.7319,75.3789,Wind,7.2
27.6007,72.2242,Solar,50
27.5728,72.206,Solar,5
28.1371,72.9661,Solar,5
9.0737,77.4753,Wind,150
24.4375,82.9655,Hydro,99
24.4448,82.9803,Coal,1188
22.2418,76.1619,Hydro,520
26.818,71.0643,Wind,102
23.1689,68.6975,Wind,51
11.0749,79.834,Gas,330.5
21.78,72.979,Gas,655
14.3512,80.1431,Coal,1320
19.4834,75.3696,Hydro,12
23.4987,91.4385,Gas,726.6
10.0314,77.0548,Hydro,37.5
34.004,74.9175,Oil,175
23.6815,86.7473,Hydro,80
29.3975,76.8763,Coal,920
26.4766,80.241,Coal,210
9.9731,77.0281,Hydro,30
8.7065,77.3627,Hydro,32
20.7147,76.7948,Coal,500
31.7398,77.2576,Hydro,520
18.9057,76.7282,Biomass,30
25.5124,78.7588,Coal,1140
18.8685,76.5254,Coal,1170
11.3646,76.6045,Hydro,30
18.8834,73.1814,Gas,66
22.2454,82.7246,Coal,600
29.9274,78.0415,Hydro,20.4
18.6814,73.4948,Hydro,10
17.0853,82.1283,Gas,220
21.4813,79.2086,Hydro,160
14.6859,77.7147,Hydro,20
9.6266,77.1905,Hydro,161
20.8986,71.4693,Gas,702.86
18.9766,78.2563,Hydro,27
31.9667,75.9469,Hydro,396
10.3118,76.617,Hydro,32
10.3118,76.617,Hydro,16
28.7962,77.0706,Gas,1371.2
28.6146,77.2528,Gas,330
16.3328,77.7036,Hydro,234
25.196,81.6594,Coal,1980
16.7739,80.0525,Hydro,90
18.2417,74.7531,Coal,30
23.1975,86.097,Hydro,900
11.5336,76.6011,Hydro,59.2
11.5336,76.6011,Hydro,150
23.6788,68.7653,Solar,5
17.2684,73.8368,Wind,65.6
21.1902,74.3795,Wind,15
22.0983,70.2729,Wind,35.2
26.0748,72.2677,Solar,1
26.5653,75.5622,Solar,1
26.8022,72.0078,Solar,40
26.7874,72.0099,Solar,100
23.2478,70.5948,Wind,21.8
23.1897,70.6216,Wind,14.85
9.9855,77.5777,Wind,9.9
9.0198,77.4501,Wind,16.5
23.3682,70.7432,Solar,9
23.9151,71.9424,Solar,15.2
30.0208,74.546,Solar,19
24.8747,75.6189,Nuclear,1080
24.9174,75.5794,Hydro,172
26.2984,74.1234,Coal,18.7
16.4072,73.9616,Hydro,4.8
23.622,86.661,Coal,1200
16.3532,77.3422,Coal,1720
16.3027,77.3608,Coal,35
21.9846,83.2331,Coal,1000
21.4499,81.8525,Coal,1370
17.1427,77.1749,Coal,38.5
28.6361,77.2542,Coal,135
24.7635,78.2322,Hydro,45
29.356,75.869,Coal,1200
24.9643,74.1197,Coal,160
30.557,76.577,Coal,1400
12.7145,77.4524,Biomass,11
29.5169,78.7574,Hydro,198
27.336,70.538,Gas,270.5
27.114,88.1376,Hydro,50
31.4,77.5927,Hydro,412.02
27.3426,93.8168,Hydro,405
27.2949,88.2921,Hydro,60
18.5354,76.245,Biomass,12.5
32.4404,75.7305,Hydro,600
26.263,74.1878,Coal,36
22.3404,82.493,Coal,100
17.5587,73.167,Gas,1967.08
14.704,78.4577,Coal,1650
15.3771,73.877,Gas,48
21.2759,85.0355,Hydro,250
24.027,82.7915,Coal,3000
24.1778,83.0361,Hydro,300
28.7327,77.1016,Gas,94.8
25.1732,75.832,Hydro,6
23.626,91.1948,Gas,63
31.0417,76.5847,Coal,1260
27.818,79.936,Coal,1200
18.7695,79.4494,Coal,62.5
18.7572,79.456,Coal,2600
23.9637,76.719,Solar,50
23.9796,76.7329,Solar,16.5
25.4106,78.4805,Solar,2
29.9619,75.1631,Solar,10
18.764,79.4873,Solar,10
23.2592,70.0097,Solar,5
27.9363,75.679,Solar,1
26.8026,70.7736,Wind,26.4
27.4108,72.2164,Solar,5
27.4118,72.2127,Solar,5
27.4092,72.2193,Solar,5
27.4137,72.1577,Solar,50
26.4586,72.4706,Wind,6
19.1474,74.8763,Wind,50.4
23.7025,75.9246,Solar,30.5
23.0562,70.6004,Wind,35.1
21.8376,73.7559,Hydro,250
21.8301,73.7501,Hydro,1200
9.3098,77.0727,Hydro,300
24.3696,88.1046,Coal,1600
17.708,75.1361,Biomass,18
33.142,74.8097,Hydro,690
22.3049,69.7101,Coal,1200
22.49,82.6062,Coal,135
12.2995,78.4038,Oil,105.7
9.9751,78.0445,Oil,106
16.3918,75.0411,Biomass,24
17.1354,74.4272,Biomass,19.7
16.9171,74.4821,Biomass,10
16.881,74.5898,Biomass,12.5
31.2642,78.4835,Hydro,120
23.3026,81.0668,Coal,1340
16.2478,74.5003,Biomass,26
23.6013,86.4666,Coal,500
10.4558,76.8302,Hydro,30
23.9784,82.6275,Coal,3960
24.5959,80.858,Coal,29
22.11,78.173,Coal,1330
19.6125,74.1924,Biomass,16
22.7355,79.9123,Coal,600
14.351,80.1443,Coal,1320
9.976,77.0309,Hydro,48
8.6895,77.3048,Hydro,20
32.6762,75.8215,Hydro,120
32.6029,75.9006,Hydro,9
31.9894,76.8072,Hydro,110
14.2352,74.7673,Hydro,1035
14.2352,74.7673,Hydro,240
12.3409,77.1906,Hydro,17.2
16.7493,74.5854,Biomass,36
10.3046,76.7305,Hydro,54
10.3575,76.879,Hydro,95
26.0743,74.3858,Coal,300
15.6933,74.7162,Biomass,22
17.8676,74.8405,Biomass,20
25.1296,75.8832,Coal,40
21.127,74.2673,Wind,33.6
22.4208,69.8276,Coal,500
17.591,83.0917,Coal,2000
14.2133,80.0838,Coal,600
18.8372,79.5748,Coal,1200
24.1033,82.7068,Coal,2000
18.6609,78.0876,Hydro,15
22.13,82.293,Coal,2980
16.8301,80.0407,Coal,43
12.3082,77.165,Hydro,42
31.7537,77.246,Coal,660
19.3804,74.8397,Biomass,16
22.5488,88.2926,Coal,135
30.2313,78.7924,Hydro,330
16.0869,78.9007,Hydro,770
16.0929,78.9118,Hydro,900
33.9594,77.7142,Hydro,4
21.8144,84.0404,Coal,600
23.457,85.555,Hydro,130
21.3395,72.9889,Gas,1147.5
21.397,73.106,Coal,500
29.179,74.0202,Coal,1500
9.62,77.2726,Hydro,35
19.9214,73.0575,Hydro,6
22.2915,82.5257,Coal,63
22.3005,82.7047,Coal,25
8.823,77.6271,Wind,10.5
10.8166,77.3199,Wind,21
9.0782,77.591,Wind,10.5
20.731,83.4538,Solar,5
20.7325,83.4632,Solar,1
10.9262,77.3841,Wind,1.5
21.0726,74.3862,Solar,100
21.0864,74.3529,Solar,25
29.9611,75.7767,Solar,10
17.2387,73.9096,Wind,100
20.8183,71.0063,Solar,10
17.4999,75.781,Solar,8.5
12.3003,77.1638,Solar,5
23.3585,70.6206,Solar,5
23.383,70.6146,Solar,5
23.3654,70.6268,Solar,5
19.845,73.9074,Wind,10.5
17.3031,74.631,Wind,16.5
17.5724,74.3386,Wind,2.25
22.0971,76.5317,Coal,1200
24.1185,82.6415,Solar,15
9.8043,78.4487,Solar,5
23.9116,71.9324,Solar,15
27.2081,70.6958,Wind,8.4
23.2414,70.7262,Wind,3.6
22.972,70.5443,Wind,3.6
18.3198,74.3686,Solar,2
23.3232,70.6417,Wind,30
15.2615,76.3379,Hydro,36
20.0116,79.2036,Coal,600
20.0123,79.1863,Coal,33
20.9099,85.2072,Coal,460
21.0966,85.074,Coal,3000
29.924,75.2372,Coal,1980
22.0987,83.4513,Coal,2400
29.0057,80.0946,Hydro,94.2
26.586,82.602,Coal,440
12.9019,74.816,Gas,220
19.8294,72.6617,Nuclear,1400
27.3403,88.2332,Hydro,97
22.5616,77.9635,Hydro,13.5
26.4875,88.3155,Hydro,67.5
27.2517,88.4604,Hydro,510
26.9279,88.4562,Hydro,160
27.0017,88.443,Hydro,132
27.5981,88.6505,Hydro,1200
30.3787,78.4795,Hydro,1000
23.7573,85.8936,Coal,420
18.7026,72.8709,Gas,30
14.2133,80.0838,Coal,300
19.0875,73.0258,Oil,22.5
32.659,76.7817,Hydro,4.5
15.8094,74.1588,Hydro,60
24.3249,85.5198,Hydro,4
21.4129,79.9671,Coal,3300
22.7318,88.371,Coal,240
15.1839,76.6622,Coal,600
15.1839,76.6622,Coal,260
23.0701,72.5933,Coal,422
19.0004,72.8983,Oil,500
19.0018,72.8967,Gas,180
19.0366,72.8892,Gas,18
19.0004,72.8983,Coal,750
19.0004,72.8983,Oil,150
24.3588,92.8837,Hydro,60
15.6609,76.8756,Biomass,28
8.7635,78.1753,Coal,1050
8.7603,78.1699,Coal,1000
8.7635,78.1753,Coal,300
9.9438,77.5077,Wind,9.35
8.9165,77.659,Wind,14.4
17.501,74.7001,Wind,25.5
15.1069,75.1661,Wind,100
21.0866,85.0987,Solar,10
15.3302,75.5767,Wind,50.4
19.1757,74.8441,Wind,50.4
27.4137,72.1577,Solar,22
9.9621,77.3709,Wind,24
14.7053,77.3355,Wind,200
26.5182,72.8536,Solar,5
10.8139,77.3785,Wind,1.5
10.79,77.33,Wind,1.5
22.104,69.8323,Wind,49.6
32.3367,75.5819,Hydro,91.35
27.2614,88.5572,Hydro,8
21.8858,83.1215,Coal,1080
13.1596,74.8002,Coal,1200
18.0723,75.1197,Hydro,12
21.2323,73.5917,Hydro,5
21.2093,73.5574,Coal,1110
21.2478,73.5866,Hydro,300
25.6593,91.9003,Hydro,96
26.0069,91.8114,Hydro,11.2
25.9131,81.3274,Coal,1550
21.3411,72.9895,Gas,382.5
10.838,77.5123,Wind,1.7
19.4269,82.8594,Hydro,600
18.8315,82.5934,Hydro,320
18.0313,82.0179,Hydro,240
34.198,75.1245,Hydro,127.6
18.88,72.9715,Gas,672
18.8681,72.9293,Gas,62.6
34.1442,74.1857,Hydro,480
34.0921,74.0318,Hydro,240
11.3727,76.0584,Hydro,3.75
21.2285,72.8705,Gas,374.571
27.3455,82.3166,Coal,90
10.6143,77.237,Wind,25.7
10.0537,77.5905,Hydro,13.5
19.7674,73.502,Hydro,60
9.3279,78.9215,Gas,52.8
13.2371,80.3023,Coal,1500
9.3484,78.9235,Gas,186.2
13.6576,74.9484,Hydro,460
22.7808,77.6515,Coal,25.8
23.0752,77.5526,Coal,30.75
17.1605,77.293,Coal,50.7
16.9238,81.8141,Gas,388.5
17.7382,75.3218,Biomass,19.8
24.4978,77.1513,Gas,75
16.5984,80.537,Coal,1260
16.5973,80.5382,Coal,500
16.9345,81.7245,Gas,272.3
24.5753,74.8012,Coal,46
24.0983,82.6719,Coal,4760
18.121,74.0968,Hydro,9
30.5669,79.5468,Hydro,400
17.5635,83.1382,Coal,1040
19.108,74.9885,Wind,50.4
21.4239,73.1273,Solar,5
17.0552,76.9775,Coal,75
22.8725,73.3588,Coal,1470
20.2727,78.9792,Coal,540
20.6964,78.6385,Coal,80
17.1401,73.866,Hydro,16
30.3033,77.5684,Hydro,62.4
22.3172,72.4397,Solar,15
20.301,79.0237,Solar,25
9.8881,77.2216,Wind,3.6
8.8709,77.4466,Wind,34.65
27.1715,70.6877,Wind,42
30.1081,77.3257,Coal,600
17.1653,74.2456,Biomass,16
13.1156,77.5838,Oil,106.6
16.2949,77.3568,Coal,1600
12.8932,78.1654,Solar,3
15.2758,75.5811,Wind,25.5
24.35,73.7477,Coal,80
9.9344,77.4768,Wind,16.5